date,mu,omega,alpha,beta,nu
2001-02-06,0.003094,0.042062,0.069356,0.929551,8.850872
2001-03-08,-0.003361,0.050952,0.066273,0.93116,8.257994
2001-04-09,-0.023368,0.047161,0.066117,0.931344,8.981365
2001-05-09,0.006992,0.052157,0.059824,0.936828,8.876434
2001-06-08,-0.010382,0.054442,0.061408,0.934743,8.710858
2001-07-09,-0.046205,0.059329,0.05913,0.936275,8.392307
2001-08-08,-0.063134,0.077749,0.056979,0.935941,8.372203
2001-09-07,-0.048031,0.124395,0.057802,0.928892,8.469642
2001-10-11,-0.030033,0.136767,0.051895,0.933988,6.865855
2001-11-09,0.016959,0.016826,0.021283,0.975415,7.120275
2001-12-10,0.051544,0.029048,0.021045,0.974128,6.797292
2002-01-11,0.064357,0.063435,0.023338,0.9668,6.951414
2002-02-14,0.060101,0.023892,0.018467,0.97729,6.676109
2002-03-18,0.075918,0.004532,0.017837,0.981098,6.241004
2002-04-17,0.081196,0.006164,0.018372,0.980219,6.349459
2002-05-17,0.09109,0.012126,0.017389,0.980244,6.223836
2002-06-19,0.09245,0.030021,0.01999,0.974462,6.334125
2002-07-22,0.0893,0.024707,0.019437,0.976928,5.887718
2002-08-21,0.085352,0.028228,0.020303,0.975202,6.319525
2002-09-19,0.086934,0.040646,0.02289,0.970797,6.379957
2002-10-22,0.084429,0.040685,0.020376,0.972906,6.577287
2002-11-20,0.076117,0.043392,0.022051,0.970778,6.704186
2002-12-20,0.071018,0.037675,0.020716,0.972229,6.851975
2003-01-23,0.044094,0.044579,0.020453,0.971094,7.199925
2003-02-24,0.038144,0.028149,0.019466,0.975237,7.038593
2003-03-25,0.048739,0.338909,0.053578,0.887588,7.354359
2003-04-23,0.03542,0.340561,0.054643,0.885889,7.691963
2003-05-27,0.017861,0.328443,0.053818,0.887637,7.843165
2003-06-26,0.02505,0.03393,0.018045,0.974697,7.581568
2003-07-28,0.024988,0.02617,0.021631,0.972389,7.361402
2003-08-27,0.036177,0.016365,0.02402,0.972085,7.17629
2003-09-30,0.025319,0.023924,0.028564,0.966479,6.907504
2003-10-30,0.055789,0.015972,0.024811,0.971238,6.832504
2003-11-28,0.067462,0.022587,0.026239,0.968586,6.843092
2003-12-30,0.05422,0.013135,0.025023,0.971473,6.889258
2004-02-04,0.066609,0.002521,0.020299,0.97778,6.870352
2004-03-05,0.087626,0.0,0.022477,0.976376,6.71825
2004-04-06,0.080441,0.003137,0.019757,0.977859,6.831325
2004-05-07,0.069083,0.018114,0.023719,0.969991,7.090221
2004-06-08,0.077423,0.048068,0.050762,0.938772,7.133544
2004-07-07,0.070065,0.050001,0.047701,0.94044,6.970813
2004-08-05,0.060703,0.052481,0.050566,0.936923,6.953595
2004-09-03,0.092136,0.055082,0.054547,0.93089,7.188075
2004-10-07,0.105489,0.053137,0.050175,0.934522,7.190124
2004-11-05,0.101296,0.061907,0.051162,0.930456,7.320962
2004-12-06,0.106262,0.057988,0.05346,0.929574,7.340479
2005-01-05,0.108237,0.054963,0.054161,0.928844,7.151344
2005-02-03,0.108399,0.048727,0.053696,0.931142,7.017935
2005-03-10,0.121037,0.044054,0.056713,0.929595,7.336073
2005-04-11,0.123264,0.046994,0.056199,0.928828,7.256783
2005-05-11,0.112774,0.042267,0.052763,0.933414,6.969223
2005-06-10,0.114363,0.034401,0.054591,0.934375,6.902647
2005-07-11,0.119084,0.026222,0.055736,0.936066,6.857672
2005-08-09,0.143359,0.020686,0.054578,0.938727,6.713531
2005-09-08,0.150228,0.032288,0.061566,0.92752,7.086577
2005-10-11,0.162137,0.028056,0.063365,0.927327,9.090604
2005-11-09,0.154063,0.027956,0.063286,0.927365,9.385511
2005-12-08,0.150645,0.026869,0.057926,0.930757,9.565482
2006-01-09,0.163233,0.024535,0.06447,0.925311,9.568123
2006-02-08,0.15369,0.033493,0.070336,0.917148,9.197883
2006-03-10,0.148021,0.03427,0.073029,0.914138,10.340586
2006-04-10,0.146891,0.030875,0.070177,0.916763,9.859941
2006-05-11,0.149825,0.032683,0.069589,0.915627,10.028677
2006-06-13,0.140961,0.039717,0.075147,0.908201,10.213647
2006-07-12,0.14641,0.043902,0.078191,0.90178,12.955855
2006-08-11,0.146255,0.044618,0.077589,0.901735,12.224461
2006-09-12,0.145786,0.040557,0.074356,0.905183,11.813325
2006-10-16,0.149159,0.044693,0.071167,0.904885,10.947025
2006-11-14,0.151666,0.037271,0.074248,0.905804,10.126707
2006-12-13,0.139042,0.031934,0.073553,0.908992,10.072904
2007-01-16,0.141541,0.035141,0.071283,0.90871,9.636078
2007-02-14,0.144928,0.035467,0.06975,0.909,9.438657
2007-03-20,0.151513,0.041159,0.069562,0.904964,9.175374
2007-04-18,0.160236,0.044749,0.073098,0.896956,9.114801
2007-05-18,0.165112,0.042633,0.075588,0.895761,9.054636
2007-06-20,0.175043,0.046175,0.077258,0.892737,8.307809
2007-07-20,0.172419,0.046438,0.076976,0.892873,8.294372
2007-08-21,0.176791,0.044534,0.091262,0.886712,7.09493
2007-09-19,0.172786,0.046729,0.083748,0.889266,7.220512
2007-10-24,0.175259,0.04733,0.08705,0.886277,7.490712
2007-11-22,0.169173,0.044705,0.088904,0.88656,7.830513
2007-12-24,0.171062,0.044858,0.088565,0.886923,7.799851
2008-01-25,0.15953,0.043141,0.091401,0.887732,7.854515
2008-02-28,0.161496,0.042654,0.092904,0.886716,7.760553
2008-03-28,0.165201,0.041179,0.091765,0.88758,7.873083
2008-04-29,0.168387,0.037683,0.084084,0.894904,7.865838
2008-06-02,0.168001,0.04088,0.080023,0.894717,8.704931
2008-07-02,0.155359,0.040837,0.078572,0.896522,8.663756
2008-07-31,0.157146,0.041379,0.084255,0.892464,8.957029
2008-09-01,0.146889,0.041931,0.082795,0.893614,8.583768
2008-10-01,0.141495,0.037542,0.084453,0.897766,7.571624
2008-10-31,0.143922,0.032256,0.10397,0.887315,8.153859
2008-12-01,0.142179,0.03381,0.102214,0.887459,8.127987
2009-01-02,0.147952,0.039956,0.105042,0.88183,7.351787
2009-02-04,0.14618,0.03329,0.099542,0.891149,7.327745
2009-03-05,0.136833,0.030474,0.098919,0.893937,7.336471
2009-04-03,0.145312,0.030071,0.098321,0.894715,7.181115
2009-05-06,0.154112,0.030682,0.099249,0.894053,7.284131
2009-06-04,0.156346,0.031562,0.097742,0.89458,7.244702
2009-07-03,0.152598,0.031656,0.096828,0.895528,7.352172
2009-08-03,0.150807,0.033839,0.095687,0.896669,6.485255
2009-09-01,0.150337,0.032288,0.094425,0.897601,6.478572
2009-09-30,0.144676,0.0303,0.091586,0.900337,6.620877
2009-10-30,0.13968,0.030984,0.089491,0.902563,6.527147
2009-11-30,0.128843,0.031672,0.088993,0.904102,6.142103
2009-12-30,0.131265,0.033281,0.089382,0.902662,5.980456
2010-02-01,0.119756,0.030091,0.082088,0.909112,6.328085
2010-03-04,0.122729,0.029142,0.079023,0.913348,6.018636
2010-04-02,0.12847,0.02877,0.081836,0.910384,6.093441
2010-05-03,0.117846,0.025313,0.079856,0.912994,6.185083
2010-06-04,0.116795,0.028769,0.081148,0.910252,6.301917
2010-07-05,0.118039,0.028202,0.079935,0.911169,6.280586
2010-08-03,0.127351,0.027096,0.079728,0.911594,6.445285
2010-09-01,0.116269,0.028106,0.078828,0.912613,6.205792
2010-10-05,0.129494,0.023927,0.083617,0.909982,6.165752
2010-11-03,0.126717,0.028074,0.079258,0.911795,6.506223
2010-12-02,0.124283,0.029309,0.077233,0.913418,6.182947
2011-01-03,0.139311,0.023856,0.082051,0.911405,6.135044
2011-02-01,0.149615,0.024599,0.085687,0.908326,5.966008
2011-03-08,0.136329,0.02849,0.093333,0.899046,6.610769
2011-04-06,0.148781,0.026722,0.085722,0.906969,6.627682
2011-05-06,0.136446,0.028857,0.086141,0.905892,6.609567
2011-06-08,0.112177,0.026826,0.081427,0.910213,7.171603
2011-07-07,0.110283,0.025153,0.078553,0.91258,7.23684
2011-08-05,0.095616,0.028281,0.079705,0.908946,8.001253
2011-09-06,0.09751,0.027568,0.091674,0.901433,8.315081
2011-10-11,0.09279,0.025406,0.093853,0.901356,8.4925
2011-11-09,0.096461,0.029796,0.092965,0.89799,8.066537
2011-12-08,0.099607,0.028954,0.092523,0.899671,7.820433
2012-01-09,0.099594,0.028086,0.088047,0.902886,7.792603
2012-02-09,0.111669,0.028961,0.088822,0.900898,7.574897
2012-03-12,0.113953,0.028404,0.088752,0.901212,7.866605
2012-04-10,0.101612,0.028355,0.089317,0.900832,7.992613
2012-05-11,0.08694,0.024854,0.086593,0.904496,7.913612
2012-06-13,0.093043,0.028855,0.090307,0.90061,7.12058
2012-07-12,0.096811,0.028853,0.087279,0.901516,6.995334
2012-08-10,0.10323,0.028182,0.084954,0.904287,7.107375
2012-09-11,0.101494,0.027533,0.073086,0.91184,7.756801
2012-10-12,0.09756,0.029697,0.063644,0.916339,7.915144
2012-11-12,0.090992,0.026347,0.063703,0.918851,8.047026
2012-12-11,0.093874,0.023934,0.066937,0.917214,7.869048
2013-01-15,0.094803,0.025007,0.066748,0.915368,7.989623
2013-02-14,0.086141,0.026008,0.06859,0.912091,8.514337
2013-03-18,0.083607,0.02321,0.068216,0.914418,8.072065
2013-04-16,0.071431,0.025973,0.07078,0.910122,8.206512
2013-05-16,0.071987,0.0256,0.068332,0.911669,8.246164
2013-06-18,0.066011,0.026136,0.068814,0.910824,8.003321
2013-07-17,0.066833,0.029052,0.074804,0.903071,8.841768
2013-08-16,0.059736,0.028904,0.075474,0.901298,9.222135
2013-09-16,0.06221,0.029405,0.077849,0.898354,9.422871
2013-10-22,0.068476,0.026527,0.081256,0.897122,8.767064
2013-11-20,0.06719,0.029183,0.081679,0.894299,8.704579
2013-12-19,0.058557,0.026151,0.083532,0.894293,11.458128
2014-01-22,0.052725,0.022609,0.077837,0.902062,10.260166
2014-02-24,0.056179,0.024223,0.078462,0.899665,10.781503
2014-03-25,0.051039,0.022972,0.076617,0.902787,10.460616
2014-04-23,0.051999,0.017106,0.077762,0.906497,10.342434
2014-05-27,0.051188,0.016037,0.073645,0.910804,9.352475
2014-06-27,0.046887,0.01576,0.070805,0.914301,9.947788
2014-07-28,0.046446,0.012662,0.072884,0.915705,9.100614
2014-08-27,0.050986,0.013252,0.071268,0.916209,9.539721
2014-09-30,0.041085,0.011663,0.071071,0.918105,9.423804
2014-10-31,0.028014,0.012351,0.069218,0.919101,9.471792
2014-12-01,0.028948,0.011247,0.069738,0.919415,9.649841
2015-01-02,0.019902,0.012331,0.070228,0.918234,9.82253
2015-02-02,0.013161,0.009861,0.062321,0.927604,9.902185
2015-03-06,0.021587,0.008847,0.063615,0.926471,9.37334
2015-04-06,0.026737,0.009811,0.062092,0.927427,8.395881
2015-05-07,0.022633,0.008897,0.056066,0.933465,8.121224
2015-06-08,0.021163,0.009592,0.053786,0.933895,8.056788
2015-07-07,0.02346,0.009721,0.052614,0.935426,7.259218
2015-08-05,0.017167,0.007987,0.03298,0.953653,7.777668
2015-09-04,0.013681,0.010481,0.031434,0.951013,7.901439
2015-10-07,0.016323,0.012389,0.03548,0.944319,7.888036
2015-11-06,0.019737,0.012843,0.039139,0.939937,7.620691
2015-12-07,0.015202,0.01293,0.037219,0.941839,8.199858
2016-01-08,0.01348,0.011246,0.033559,0.948518,7.704808
2016-02-11,0.013647,0.011732,0.038299,0.943876,8.274045
2016-03-14,0.012663,0.016877,0.04503,0.929505,7.522292
2016-04-12,0.014944,0.026708,0.059879,0.899617,6.668168
2016-05-16,0.015105,0.0215,0.052605,0.913967,6.483984
2016-06-15,0.017072,0.021902,0.047306,0.916338,7.034568
2016-07-14,0.019629,0.028585,0.052006,0.901508,6.552978
2016-08-12,0.023924,0.03828,0.053203,0.880757,6.434736
2016-09-13,0.020394,0.042823,0.059256,0.868011,5.989794
2016-10-18,0.021045,0.041397,0.059153,0.868166,6.585038
2016-11-16,0.022701,0.04217,0.060954,0.866286,6.377212
2016-12-15,0.027581,0.045548,0.060222,0.861357,5.882069
2017-01-16,0.02421,0.04753,0.065472,0.853979,5.442418
2017-02-16,0.026574,0.042909,0.069583,0.857218,5.336151
2017-03-20,0.031234,0.04213,0.072595,0.854803,5.515145
2017-04-18,0.031172,0.039895,0.074507,0.856228,5.4592
2017-05-23,0.038522,0.043952,0.077792,0.846452,5.265427
2017-06-22,0.038788,0.038409,0.072502,0.858817,5.405084
2017-07-21,0.047599,0.0386,0.070635,0.856061,5.387429
2017-08-22,0.044467,0.042572,0.07394,0.846923,5.246242
2017-09-20,0.047692,0.043587,0.072481,0.844947,5.171137
2017-10-30,0.045268,0.045561,0.074073,0.841606,4.936463
2017-11-28,0.042888,0.042604,0.072264,0.84714,4.977483
2018-01-02,0.042511,0.044149,0.071035,0.846452,4.794394
2018-01-31,0.047356,0.043626,0.070927,0.846806,4.993164
2018-03-06,0.048275,0.039679,0.078435,0.850217,5.086494
2018-04-04,0.047298,0.039121,0.07872,0.854088,4.752135
2018-05-04,0.045248,0.036561,0.074276,0.862955,4.843109
2018-06-07,0.0491,0.042445,0.076544,0.849278,4.988896
2018-07-09,0.043487,0.041899,0.081031,0.84861,5.01768
2018-08-07,0.043569,0.043414,0.079681,0.847998,4.907745
2018-09-06,0.042292,0.045972,0.080903,0.842229,4.918247
2018-10-12,0.04144,0.050229,0.090463,0.832295,4.646813
2018-11-12,0.04822,0.044597,0.089264,0.845548,4.480591
2018-12-11,0.046326,0.045029,0.089995,0.844012,4.574165
2019-01-14,0.048335,0.04046,0.087555,0.853326,4.739228
2019-02-15,0.055979,0.039675,0.086051,0.856179,4.691579
2019-03-19,0.053488,0.039706,0.08272,0.860659,4.620566
2019-04-17,0.054734,0.041376,0.087801,0.854807,4.477295
2019-05-20,0.042789,0.044402,0.088575,0.851459,4.473489
2019-06-19,0.045188,0.046247,0.090115,0.846169,4.405164
2019-07-18,0.049276,0.044676,0.088209,0.852959,4.229278
2019-08-19,0.040798,0.045254,0.089903,0.850321,4.309939
2019-09-19,0.054326,0.034455,0.07315,0.877714,4.388345
2019-10-22,0.057052,0.041174,0.075171,0.865429,4.356388
2019-11-20,0.056341,0.040219,0.072857,0.86995,4.318453
2019-12-19,0.059677,0.034746,0.065948,0.884118,4.382158
2020-01-22,0.062042,0.038658,0.068899,0.875122,4.376097
2020-02-24,0.061783,0.040241,0.071463,0.869572,4.446097
2020-03-24,0.058976,0.021104,0.093903,0.893232,4.124099
2020-04-23,0.056427,0.038304,0.111384,0.850924,4.325498
2020-05-27,0.059089,0.036163,0.109657,0.855118,4.432416
2020-06-25,0.069545,0.034431,0.112365,0.862153,4.039812
2020-07-24,0.07151,0.033782,0.112422,0.85784,4.384417
2020-08-25,0.06964,0.029175,0.108182,0.869944,4.441308
2020-09-23,0.069067,0.028711,0.104767,0.874345,4.440363
2020-10-28,0.066367,0.029319,0.105164,0.870102,4.691857
2020-11-26,0.075891,0.0286,0.107232,0.87191,4.534931
2020-12-28,0.081663,0.024409,0.100514,0.883392,4.630988
2021-01-28,0.081259,0.025578,0.107826,0.876901,4.963366
2021-03-03,0.08087,0.026987,0.113624,0.871228,5.237184
2021-04-01,0.083116,0.036234,0.119905,0.854895,5.300141
2021-04-30,0.08319,0.04121,0.125487,0.845986,5.182737
2021-06-02,0.085684,0.046457,0.13429,0.832304,5.394704
2021-07-01,0.082258,0.042295,0.131517,0.838147,5.483028
2021-07-30,0.075455,0.048957,0.130945,0.831678,5.676417
2021-08-31,0.068417,0.056781,0.131964,0.821935,6.098976
2021-10-05,0.066058,0.058624,0.130003,0.821959,6.406154
2021-11-04,0.064341,0.061448,0.137755,0.813046,6.773508
2021-12-03,0.052179,0.071718,0.141806,0.801513,7.170674
2022-01-05,0.061567,0.078935,0.143877,0.791484,7.10276
2022-02-08,0.054396,0.085766,0.156128,0.777476,7.712393
2022-03-11,0.054104,0.078093,0.148082,0.791828,7.787766
2022-04-11,0.050591,0.082327,0.151852,0.783515,7.502717
2022-05-12,0.044803,0.080294,0.149512,0.786994,8.543118
2022-06-14,0.045838,0.084216,0.151538,0.785819,8.216871
2022-07-13,0.046083,0.078115,0.150003,0.792697,8.742001
2022-08-11,0.05867,0.081549,0.155013,0.78464,8.736212
2022-09-14,0.062044,0.084347,0.155818,0.784548,8.835966
2022-10-17,0.051119,0.087276,0.153746,0.785922,9.397785
2022-11-15,0.061212,0.088605,0.155169,0.781097,10.835865
2022-12-14,0.056547,0.085859,0.150777,0.786309,11.582201
2023-01-13,0.057325,0.085422,0.149207,0.789729,11.127144
2023-02-15,0.057431,0.086701,0.150802,0.787003,11.550255
2023-03-17,0.046575,0.090193,0.151037,0.785616,12.0464
2023-04-17,0.066038,0.094654,0.159744,0.773826,12.816445
2023-05-18,0.053208,0.090905,0.162434,0.773309,13.700895
2023-06-20,0.07043,0.082044,0.161688,0.780833,15.081356
2023-07-19,0.058289,0.086304,0.160972,0.778118,17.214643
2023-08-18,0.059435,0.087795,0.164363,0.773889,17.886432
2023-09-18,0.067249,0.083409,0.16671,0.774633,18.7884
2023-10-24,0.047407,0.082036,0.161699,0.781875,19.757557
2023-11-22,0.051311,0.085838,0.160688,0.783288,15.176189
2023-12-21,0.057539,0.095561,0.169508,0.767752,14.611415
2024-01-24,0.04658,0.097005,0.160479,0.774898,13.299344
2024-02-26,0.052129,0.100551,0.161226,0.769368,13.242643
2024-03-27,0.054367,0.093916,0.136042,0.791341,15.121312
2024-04-26,0.051051,0.088029,0.115052,0.81451,14.0599
2024-05-30,0.048175,0.105164,0.122907,0.791339,14.017042
2024-07-01,0.044677,0.095167,0.118201,0.800601,15.710981
2024-07-30,0.039809,0.091469,0.116646,0.804277,19.979171
2024-08-29,0.039697,0.17665,0.16717,0.687878,11.516877
2024-10-04,0.033251,0.181637,0.156621,0.694785,10.443902
2024-11-05,0.031824,0.182712,0.15679,0.692265,10.549736
2024-12-04,0.031866,0.180714,0.148415,0.70157,10.555486
2025-01-07,0.020182,0.188163,0.158994,0.687498,10.863309
2025-02-11,0.014852,0.193319,0.147688,0.68907,10.571523
2025-03-13,0.018441,0.215244,0.127888,0.68427,9.247278
2025-04-11,0.020021,0.169093,0.125668,0.735393,7.970259
2025-05-15,0.024624,0.243604,0.128186,0.666425,7.661995
2025-06-17,0.028953,0.239902,0.12626,0.674493,7.720241
2025-07-16,0.031374,0.242163,0.107427,0.693686,7.481906
2025-08-14,0.032978,0.30741,0.099319,0.651429,7.006748
2025-09-15,0.038739,0.341407,0.100675,0.624192,7.17007
2025-10-21,0.052879,0.315613,0.104552,0.647568,7.032655
2025-11-19,0.058302,0.244954,0.113194,0.705946,6.996646
2025-12-18,0.06352,0.240334,0.11509,0.711682,7.090605
2026-01-21,0.078819,0.22603,0.109282,0.72968,7.007153
2026-02-24,0.092578,0.220304,0.126991,0.727863,6.504585
2026-03-26,0.097353,0.177761,0.142461,0.754911,5.927127
2026-04-24,0.10157,0.146487,0.136025,0.783479,5.83571
2026-05-28,0.105882,0.125939,0.134369,0.804931,5.586646
2026-06-29,0.109938,0.101078,0.136823,0.823008,5.396522
2026-07-29,0.113376,0.070679,0.124119,0.851784,5.590373
2026-08-31,0.111736,0.061741,0.107857,0.871409,5.415548
2026-10-01,0.107557,0.059074,0.10158,0.876682,5.443145
