date,mu,omega,alpha,beta,gamma,eta,lambda
1993-12-15,0.019048,0.0,0.0,0.984456,0.029624,6.24597,0.002333
1994-01-14,0.026852,0.0,0.0,0.980836,0.03814,6.774924,0.009712
1994-02-14,0.026769,0.000577,0.000323,0.980375,0.03664,6.241271,0.004517
1994-03-16,0.02465,0.000314,0.0,0.982551,0.033381,6.125156,-0.004574
1994-04-15,0.020202,0.000553,0.0,0.981119,0.036186,5.944639,-0.00549
1994-05-17,0.015788,0.000549,0.0,0.982415,0.032685,6.157695,0.002328
1994-06-16,0.022139,0.000485,0.0,0.985079,0.025845,6.032384,0.01255
1994-07-18,0.025467,0.001358,0.0,0.985888,0.018672,6.000389,0.023814
1994-08-16,0.028768,0.000329,0.0,0.988629,0.018469,6.213029,0.026167
1994-09-15,0.03144,0.000825,0.0,0.988633,0.015551,5.985483,0.029321
1994-10-14,0.033991,0.000521,0.0,0.990924,0.013255,5.925181,0.033736
1994-11-14,0.031985,0.000943,0.00563,0.985415,0.011839,5.690858,0.039066
1994-12-14,0.023597,0.001607,0.0,0.985205,0.019522,5.678855,0.022184
1995-01-16,0.026102,0.001564,0.0,0.985883,0.017878,5.599476,0.020921
1995-02-14,0.026418,0.001242,0.0,0.986027,0.019462,5.40133,0.018908
1995-03-16,0.02561,0.001931,0.0,0.981957,0.023819,5.464321,0.001639
1995-04-17,0.030547,0.00257,0.0,0.976062,0.032307,5.15594,0.006713
1995-05-16,0.035611,0.002901,0.0,0.972888,0.036836,4.992547,0.020964
1995-06-15,0.036158,0.008496,0.0,0.951885,0.052889,4.710373,0.021093
1995-07-17,0.039544,0.009224,0.0,0.950421,0.052286,4.564451,0.028382
1995-08-15,0.03616,0.009963,0.0,0.947265,0.052978,4.923828,0.019643
1995-09-14,0.044158,0.00718,0.0,0.95632,0.046761,4.883782,0.022511
1995-10-13,0.044163,0.006598,0.0,0.959843,0.042657,4.711201,0.022549
1995-11-13,0.046165,0.011451,0.004938,0.935467,0.052226,5.458525,0.026853
1995-12-13,0.038931,0.021929,0.0,0.88795,0.092175,6.270608,-0.003057
1996-01-15,0.036735,0.023546,0.0,0.883091,0.093748,6.220803,-0.025278
1996-02-13,0.045876,0.018599,0.0,0.904163,0.079256,6.301596,-0.023775
1996-03-14,0.046129,0.015203,0.0,0.919013,0.073046,6.159932,-0.025846
1996-04-15,0.045451,0.016534,0.0,0.91634,0.071015,5.913732,-0.018253
1996-05-14,0.047857,0.016673,0.0,0.918359,0.067023,5.444638,-0.022286
1996-06-13,0.050483,0.01698,0.0,0.915554,0.068532,5.751809,-0.019004
1996-07-15,0.044856,0.017603,0.0,0.915082,0.069664,5.477014,-0.033152
1996-08-13,0.049815,0.019471,0.0,0.90354,0.083608,5.540742,-0.029593
1996-09-12,0.048423,0.02164,0.0,0.891946,0.094196,5.72278,-0.030408
1996-10-11,0.052038,0.022362,0.0,0.889098,0.095426,5.641064,-0.018825
1996-11-11,0.055637,0.022959,0.0,0.889627,0.09303,5.499998,-0.013761
1996-12-11,0.055915,0.026516,0.0,0.877087,0.099394,5.578467,-0.020599
1997-01-13,0.056318,0.027637,0.0,0.868693,0.116114,5.650267,-0.031444
1997-02-11,0.057356,0.027087,0.0,0.866943,0.121856,6.134581,-0.031892
1997-03-13,0.058076,0.024081,0.005334,0.872562,0.119959,6.46959,-0.037721
1997-04-14,0.056245,0.020474,0.008684,0.884305,0.115549,6.327406,-0.057377
1997-05-13,0.059816,0.011704,0.024683,0.912471,0.072444,6.696552,-0.046043
1997-06-12,0.063156,0.012428,0.021312,0.910687,0.078913,6.473725,-0.042357
1997-07-14,0.069414,0.008418,0.029148,0.928626,0.049491,6.524608,-0.044433
1997-08-12,0.06557,0.008082,0.030195,0.931193,0.046092,6.420513,-0.056287
1997-09-11,0.065482,0.008014,0.029103,0.931609,0.051245,6.038674,-0.052429
1997-10-10,0.069979,0.008732,0.027651,0.928078,0.056747,6.308769,-0.061881
1997-11-10,0.069373,0.009713,0.023521,0.925039,0.075682,5.736324,-0.056065
1997-12-10,0.070213,0.014915,0.023835,0.906028,0.092303,5.717019,-0.057806
1998-01-12,0.069568,0.012429,0.022933,0.914543,0.086694,5.843711,-0.068154
1998-02-11,0.072788,0.014492,0.015799,0.903758,0.116867,6.267502,-0.066386
1998-03-13,0.080364,0.01513,0.015025,0.901525,0.117592,6.380723,-0.055931
1998-04-14,0.083143,0.012382,0.01567,0.914125,0.099848,6.580247,-0.065233
1998-05-13,0.081924,0.013364,0.013595,0.911665,0.109025,6.703306,-0.070742
1998-06-12,0.084779,0.011521,0.009499,0.922328,0.100967,6.753935,-0.065727
1998-07-14,0.088747,0.013181,0.006935,0.915804,0.113306,7.05052,-0.071172
1998-08-12,0.081823,0.011935,0.008145,0.919483,0.112296,6.760838,-0.084656
1998-09-11,0.082015,0.012902,0.004445,0.913574,0.134532,6.579117,-0.090871
1998-10-12,0.084219,0.012766,0.005299,0.914099,0.129981,6.70518,-0.089516
1998-11-10,0.090885,0.013831,0.0,0.911299,0.142289,6.846214,-0.102949
1998-12-10,0.091671,0.011938,0.0,0.923178,0.12485,6.632821,-0.101185
1999-01-12,0.095832,0.012756,0.0,0.920457,0.129257,6.796677,-0.103542
1999-02-11,0.086768,0.013643,0.0,0.918503,0.134843,7.272415,-0.111692
1999-03-15,0.085422,0.015219,0.0,0.916388,0.136426,7.414407,-0.113542
1999-04-14,0.086825,0.017353,0.0,0.912806,0.139868,7.692279,-0.123658
1999-05-13,0.083471,0.016692,0.0,0.913807,0.13949,8.615907,-0.133923
1999-06-14,0.079077,0.01693,0.0,0.91503,0.137786,8.817423,-0.14247
1999-07-14,0.077116,0.015248,0.0,0.919378,0.132643,9.355168,-0.145714
1999-08-12,0.083535,0.020065,0.0,0.913657,0.133192,9.481289,-0.157196
1999-09-13,0.074384,0.026187,0.0,0.905089,0.141863,9.790247,-0.147279
1999-10-12,0.076267,0.031456,0.0,0.898032,0.145902,10.049424,-0.148383
1999-11-10,0.07638,0.035583,0.0,0.892828,0.151843,9.662266,-0.142206
1999-12-10,0.075831,0.038028,0.0,0.889912,0.154694,9.931003,-0.134864
2000-01-11,0.078151,0.041181,0.0,0.886018,0.159546,8.904748,-0.134534
2000-02-10,0.067764,0.037384,0.0,0.89408,0.151257,8.39134,-0.132834
2000-03-13,0.066407,0.032843,0.0,0.901699,0.145391,8.991497,-0.141462
2000-04-11,0.071679,0.033204,0.0,0.899549,0.152106,8.851255,-0.126093
2000-05-11,0.062543,0.038142,0.0,0.892858,0.163376,8.777997,-0.127877
2000-06-12,0.070801,0.042649,0.0,0.88605,0.169479,9.285037,-0.126121
2000-07-12,0.080841,0.036598,0.0,0.894841,0.158907,9.893269,-0.125114
2000-08-10,0.067867,0.040408,0.0,0.893228,0.158,10.296205,-0.138713
2000-09-11,0.067049,0.04426,0.0,0.890403,0.157326,10.279316,-0.135013
2000-10-10,0.0543,0.057142,0.0,0.88033,0.16077,10.667564,-0.126862
2000-11-08,0.046241,0.074853,0.0,0.860044,0.181396,11.037431,-0.117162
2000-12-08,0.040699,0.072637,0.0,0.865265,0.17827,10.86639,-0.11589
2001-01-10,0.031369,0.075549,0.0,0.861344,0.188811,11.072091,-0.106184
2001-02-09,0.031044,0.08697,0.0,0.847769,0.199658,10.503495,-0.108156
2001-03-13,0.025314,0.091096,0.0,0.842656,0.210792,10.519684,-0.114611
2001-04-11,0.028318,0.089574,0.0,0.840012,0.219265,11.319167,-0.109646
2001-05-11,0.024336,0.085977,0.0,0.841505,0.223443,11.156933,-0.112408
2001-06-12,0.016065,0.080313,0.0,0.851111,0.210996,11.097495,-0.101402
2001-07-12,0.002194,0.079469,0.0,0.853727,0.20945,10.726532,-0.10299
2001-08-10,0.002447,0.0818,0.0,0.850197,0.213705,10.619645,-0.093872
2001-09-17,-0.009231,0.080036,0.0,0.854684,0.206241,11.410957,-0.110326
2001-10-16,-0.006013,0.079937,0.0,0.855025,0.199717,13.058233,-0.103774
2001-11-14,-0.004784,0.060036,0.0,0.878319,0.178013,14.855064,-0.110906
2001-12-14,-0.005542,0.064097,0.0,0.873944,0.182891,15.173373,-0.106899
2002-01-16,0.000372,0.058379,0.0,0.879381,0.175485,14.704501,-0.102505
2002-02-15,-0.021671,0.061853,0.0,0.880991,0.172054,14.668793,-0.115766
2002-03-19,-0.030637,0.065809,0.0,0.880645,0.169558,15.101201,-0.109635
2002-04-18,-0.038572,0.070861,0.0,0.878243,0.169562,14.840399,-0.106671
2002-05-17,-0.038513,0.077863,0.0,0.872867,0.174592,14.757767,-0.090899
2002-06-18,-0.044663,0.076923,0.0,0.875384,0.171561,14.222362,-0.086456
2002-07-18,-0.056066,0.076545,0.0,0.877727,0.1689,14.86091,-0.070929
2002-08-16,-0.053116,0.075053,0.0,0.873491,0.182027,19.612047,-0.060807
2002-09-17,-0.054372,0.071371,0.0,0.878436,0.17528,20.189039,-0.063402
2002-10-16,-0.057535,0.067002,0.0,0.881753,0.178995,23.795453,-0.055277
2002-11-14,-0.075611,0.055822,0.0,0.888446,0.180005,25.035242,-0.063452
2002-12-16,-0.077743,0.056048,0.0,0.888611,0.179923,24.879321,-0.046952
2003-01-16,-0.076886,0.052502,0.0,0.891724,0.177497,22.997684,-0.039982
2003-02-18,-0.086283,0.054303,0.0,0.891876,0.17558,21.730451,-0.033463
2003-03-19,-0.084735,0.05023,0.0,0.894286,0.176235,22.183536,-0.027179
2003-04-17,-0.090708,0.04551,0.0,0.901906,0.166096,18.546058,-0.03517
2003-05-19,-0.076071,0.044701,0.0,0.900559,0.167787,19.271306,-0.026919
2003-06-18,-0.067793,0.047872,0.0,0.901925,0.160028,18.529787,-0.03201
2003-07-18,-0.077534,0.048163,0.0,0.902114,0.160942,19.053993,-0.021612
2003-08-18,-0.079086,0.042453,0.0,0.90485,0.16089,17.833351,-0.035422
2003-09-17,-0.065426,0.038977,0.0,0.905924,0.159582,18.00604,-0.046474
2003-10-16,-0.056462,0.040261,0.0,0.904235,0.159974,17.159108,-0.038985
2003-11-14,-0.068895,0.033598,0.0,0.907901,0.161628,17.209362,-0.053953
2003-12-16,-0.06675,0.027283,0.0,0.911959,0.158518,23.245413,-0.045039
2004-01-16,-0.044244,0.025724,0.0,0.909671,0.160571,34.014765,-0.033703
2004-02-18,-0.034632,0.028033,0.0,0.906629,0.163112,36.951345,-0.023555
2004-03-18,-0.046015,0.02738,0.0,0.90589,0.165185,52.175183,-0.034269
2004-04-19,-0.039325,0.021751,0.0,0.915448,0.149202,97.763073,-0.012865
2004-05-18,-0.043351,0.020993,0.0,0.917213,0.146387,203.997629,-0.019294
2004-06-18,-0.03965,0.019699,0.0,0.919507,0.141671,154.21462,-0.031218
2004-07-20,-0.044116,0.017209,0.0,0.921398,0.141799,107.746816,-0.023767
2004-08-18,-0.048515,0.017671,0.0,0.922743,0.139863,92.191918,-0.025147
2004-09-17,-0.034391,0.014174,0.0,0.92748,0.129817,108.009594,-0.033139
2004-10-18,-0.033576,0.013455,0.0,0.930885,0.122367,97.075814,-0.048646
2004-11-16,-0.016479,0.012989,0.0,0.932192,0.116713,75.751681,-0.040207
2004-12-16,-0.01114,0.01311,0.0,0.931486,0.116374,99.284126,-0.050292
2005-01-18,-0.015463,0.010227,0.0,0.938074,0.108877,139.980806,-0.053327
2005-02-16,-0.005051,0.008922,0.0,0.94108,0.101905,155.188922,-0.050365
2005-03-18,-0.005173,0.008373,0.0,0.943086,0.098799,251.984552,-0.046076
2005-04-19,-0.010634,0.00677,0.0,0.950228,0.088372,213.148191,-0.044449
2005-05-18,-0.013952,0.007608,0.0,0.946561,0.094433,299.944292,-0.056452
2005-06-17,-0.006182,0.007432,0.0,0.942568,0.101599,275.054581,-0.062931
2005-07-19,-0.002858,0.007298,0.0,0.941345,0.104141,108.506702,-0.067085
2005-08-17,0.001164,0.00711,0.0,0.942367,0.100886,126.623767,-0.063928
2005-09-16,0.010435,0.003224,0.0,0.956987,0.078807,270.200625,-0.044491
2005-10-17,-0.001075,0.004254,0.0,0.953825,0.083996,299.851747,-0.049604
2005-11-15,0.000574,0.004738,0.0,0.951152,0.088695,299.980715,-0.04348
2005-12-15,0.005801,0.004309,0.0,0.949943,0.091911,166.069953,-0.050426
2006-01-18,0.010159,0.004827,0.0,0.94795,0.092605,289.072706,-0.030364
2006-02-16,0.00912,0.004571,0.0,0.951582,0.086876,119.972386,-0.036086
2006-03-20,0.012064,0.003906,0.0,0.954434,0.081111,263.15987,-0.038354
2006-04-19,0.016249,0.003948,0.0,0.956409,0.074941,180.939943,-0.037671
2006-05-18,0.012492,0.00424,0.0,0.957821,0.071205,148.70174,-0.049786
2006-06-19,0.0165,0.004675,0.0,0.960291,0.062657,200.431404,-0.050045
2006-07-19,0.016793,0.004239,0.0,0.963191,0.057913,123.494767,-0.055287
2006-08-17,0.020426,0.00427,0.0,0.962766,0.058183,176.335848,-0.042489
2006-09-18,0.022561,0.00542,0.0,0.954876,0.069336,167.919882,-0.048319
2006-10-17,0.026698,0.003545,0.0,0.959089,0.068182,116.227599,-0.048794
2006-11-15,0.029092,0.004203,0.0,0.957857,0.066618,118.146936,-0.05024
2006-12-15,0.032365,0.004463,0.0,0.957494,0.06529,62.605348,-0.066028
2007-01-19,0.031894,0.003296,0.0,0.95903,0.066723,40.176888,-0.071108
2007-02-20,0.035288,0.004729,0.0,0.956455,0.063984,57.115246,-0.074322
2007-03-21,0.032059,0.005714,0.0,0.953962,0.068418,12.712427,-0.089617
2007-04-20,0.033151,0.01155,0.0,0.932008,0.086853,11.963437,-0.092799
2007-05-21,0.034503,0.015289,0.0,0.919144,0.094211,12.84895,-0.099254
2007-06-20,0.032405,0.020648,0.0,0.900986,0.10753,12.586964,-0.108613
2007-07-20,0.031882,0.023056,0.0,0.893628,0.112537,11.211791,-0.114156
2007-08-20,0.025167,0.019889,0.0,0.897777,0.125247,11.468049,-0.126237
2007-09-19,0.027158,0.017371,0.0,0.905491,0.120445,10.443874,-0.121355
2007-10-18,0.027127,0.020377,0.0,0.895943,0.125408,10.889778,-0.111966
2007-11-16,0.022284,0.017859,0.0,0.904158,0.125726,9.240357,-0.129227
2007-12-18,0.015827,0.01397,0.0,0.913377,0.124397,9.596968,-0.142727
2008-01-18,0.009678,0.013734,0.0,0.912558,0.129948,9.435163,-0.152539
2008-02-20,0.009982,0.013013,0.0,0.916451,0.122141,9.245548,-0.161308
2008-03-20,0.010541,0.010917,0.0,0.922488,0.121701,8.545597,-0.154388
2008-04-21,0.012858,0.01054,0.0,0.922352,0.124101,8.341559,-0.138747
2008-05-20,0.014986,0.011109,0.0,0.920239,0.125753,8.140696,-0.139905
2008-06-19,0.012115,0.01021,0.0,0.925022,0.120996,7.957167,-0.140965
2008-07-21,0.01483,0.010014,0.0,0.925324,0.120643,7.912764,-0.138705
2008-08-19,0.015146,0.009179,0.0,0.927705,0.119944,8.273651,-0.134779
2008-09-18,0.011329,0.008874,0.0,0.926922,0.126658,7.960641,-0.144526
2008-10-17,0.007671,0.009938,0.0,0.919227,0.14549,7.543056,-0.146438
2008-11-17,0.002536,0.009709,0.0,0.917076,0.151456,8.054136,-0.151046
2008-12-17,-0.000797,0.010045,0.0,0.916677,0.151885,8.154857,-0.161018
2009-01-20,0.005472,0.012578,0.0,0.905919,0.164025,7.98447,-0.15491
2009-02-19,0.002366,0.011678,0.0,0.910335,0.158838,7.765726,-0.153932
2009-03-20,0.006101,0.011341,0.0,0.909793,0.161039,7.737924,-0.149369
2009-04-21,0.013642,0.008744,0.0,0.920594,0.145329,7.693059,-0.137239
2009-05-20,0.009498,0.008353,0.0,0.924278,0.140266,7.562747,-0.134529
2009-06-19,0.010293,0.00849,0.0,0.924036,0.139668,7.660075,-0.131275
2009-07-21,0.006054,0.008139,0.0,0.926392,0.13727,7.174197,-0.12842
2009-08-19,0.014551,0.007533,0.0,0.928131,0.1342,7.123633,-0.125908
2009-09-18,0.018018,0.00722,0.0,0.927675,0.135517,6.835062,-0.136455
2009-10-19,0.023589,0.006928,0.0,0.92956,0.13203,6.77954,-0.137029
2009-11-17,0.012571,0.007353,0.0,0.929326,0.135224,6.897312,-0.139069
2009-12-17,0.015714,0.007396,0.0,0.928918,0.133736,6.908661,-0.142257
2010-01-20,0.014092,0.008194,0.0,0.925277,0.140492,7.400536,-0.149111
2010-02-19,0.01282,0.008618,0.0,0.92493,0.141935,7.319448,-0.154992
2010-03-22,0.01441,0.009135,0.0,0.920055,0.151217,6.773902,-0.159605
2010-04-21,0.023139,0.008768,0.0,0.923197,0.141825,7.071955,-0.167063
2010-05-20,0.023352,0.010293,0.0,0.916,0.158417,7.012326,-0.168383
2010-06-21,0.025395,0.010483,0.0,0.914301,0.161931,6.943146,-0.167633
2010-07-21,0.022333,0.011056,0.0,0.917334,0.155195,6.803853,-0.176549
2010-08-19,0.01975,0.01133,0.0,0.917821,0.153822,6.664608,-0.180408
2010-09-20,0.015331,0.01197,0.0,0.916032,0.158014,6.584094,-0.179577
2010-10-19,0.010344,0.012122,0.0,0.916996,0.156922,6.734471,-0.17532
2010-11-17,0.014253,0.015994,0.0,0.915239,0.15542,6.834675,-0.16706
2010-12-17,0.008149,0.019692,0.0,0.910099,0.164447,6.66834,-0.168815
2011-01-19,0.024943,0.019806,0.0,0.904599,0.174537,6.340965,-0.157448
2011-02-17,0.027541,0.019354,0.0,0.906481,0.166806,7.626975,-0.166041
2011-03-21,0.02422,0.02223,0.0,0.90655,0.165058,7.882223,-0.170695
2011-04-19,0.007978,0.023366,0.0,0.902629,0.175064,7.459942,-0.177761
2011-05-19,0.007603,0.023752,0.0,0.902384,0.173479,7.931209,-0.17498
2011-06-20,0.004728,0.023401,0.0,0.905272,0.168066,7.841261,-0.175389
2011-07-20,0.013545,0.022072,0.0,0.908198,0.159687,8.466324,-0.172262
2011-08-18,0.007515,0.024113,0.0,0.904781,0.171604,7.835772,-0.172647
2011-09-19,0.002826,0.02543,0.0,0.902865,0.172171,8.167457,-0.182002
2011-10-18,0.002854,0.024969,0.0,0.903313,0.168974,9.200443,-0.182579
2011-11-16,0.006639,0.022564,0.0,0.908588,0.161979,9.030546,-0.190781
2011-12-16,0.007213,0.023401,0.0,0.905455,0.167763,8.883307,-0.174361
2012-01-19,0.01991,0.023754,0.0,0.900532,0.176566,8.321968,-0.169425
2012-02-17,0.031223,0.024071,0.0,0.895693,0.185088,8.113267,-0.151787
2012-03-20,0.032355,0.022864,0.0,0.897043,0.184328,7.641493,-0.169194
2012-04-19,0.026873,0.02391,0.0,0.895068,0.186112,8.678572,-0.174336
2012-05-18,0.020317,0.023915,0.0,0.894986,0.185536,9.120408,-0.166665
2012-06-19,0.02543,0.024383,0.0,0.891486,0.193143,9.414535,-0.172395
2012-07-19,0.027797,0.024714,0.0,0.890667,0.193257,8.635759,-0.169269
2012-08-17,0.037748,0.022998,0.0,0.892912,0.185938,8.425972,-0.147461
2012-09-18,0.04396,0.023409,0.0,0.89167,0.186282,7.900452,-0.128212
2012-10-17,0.038391,0.02258,0.0,0.893064,0.185362,7.801624,-0.136858
2012-11-19,0.032162,0.021807,0.0,0.900168,0.17255,7.016469,-0.138289
2012-12-19,0.037917,0.021459,0.0,0.89763,0.177422,7.247537,-0.133442
2013-01-22,0.041846,0.022218,0.0,0.892595,0.189367,6.715826,-0.119826
2013-02-21,0.046289,0.023434,0.0,0.889235,0.193316,6.680294,-0.118823
2013-03-22,0.045375,0.027967,0.0,0.877181,0.207919,6.751077,-0.132687
2013-04-23,0.045182,0.032668,0.0,0.867016,0.218986,6.74265,-0.135558
2013-05-22,0.048314,0.035712,0.0,0.85907,0.230386,6.137354,-0.145981
2013-06-21,0.044922,0.037959,0.0,0.851993,0.241695,6.865148,-0.149898
2013-07-23,0.045286,0.041218,0.0,0.83721,0.26332,6.816757,-0.16481
2013-08-21,0.038308,0.039806,0.0,0.83848,0.265032,6.617636,-0.154174
2013-09-20,0.042295,0.03833,0.0,0.842468,0.25278,6.525066,-0.152731
2013-10-21,0.042582,0.03827,0.0,0.843188,0.24928,6.651295,-0.146298
2013-11-19,0.042994,0.038879,0.0,0.837802,0.26221,6.549811,-0.153405
2013-12-19,0.042828,0.038698,0.0,0.836554,0.266334,6.471455,-0.133875
2014-01-22,0.046042,0.03524,0.0,0.845314,0.250244,6.24195,-0.136583
2014-02-21,0.041663,0.036336,0.0,0.842648,0.259211,6.21053,-0.141519
2014-03-24,0.032592,0.036332,0.0,0.83974,0.27137,6.071811,-0.144053
2014-04-23,0.034075,0.035508,0.0,0.843566,0.254429,6.457389,-0.140242
2014-05-22,0.033737,0.037793,0.0,0.836784,0.262806,6.209543,-0.149049
2014-06-23,0.041017,0.035639,0.0,0.836783,0.268443,5.799818,-0.151564
2014-07-23,0.037754,0.037858,0.0,0.823607,0.287444,6.373317,-0.161726
2014-08-21,0.04006,0.038903,0.0,0.821652,0.284369,6.203669,-0.16357
2014-09-22,0.035047,0.037817,0.0,0.813783,0.306835,6.224713,-0.182294
2014-10-21,0.028936,0.037514,0.0,0.812364,0.312266,6.892583,-0.190879
2014-11-19,0.038354,0.034877,0.0,0.809297,0.323738,6.8594,-0.189898
2014-12-19,0.029673,0.034618,0.0,0.811375,0.327707,7.222973,-0.203018
2015-01-22,0.028639,0.034748,0.0,0.804771,0.34328,7.528902,-0.199556
2015-02-23,0.029692,0.033404,0.0,0.803843,0.344762,8.623002,-0.189169
2015-03-24,0.02638,0.032388,0.0,0.806481,0.348862,8.55366,-0.188045
2015-04-23,0.025658,0.032744,0.0,0.808858,0.337609,8.53025,-0.188318
2015-05-22,0.029362,0.033388,0.0,0.799071,0.355908,8.710711,-0.179351
2015-06-23,0.026419,0.034809,0.0,0.792332,0.369503,8.549293,-0.179673
2015-07-23,0.027118,0.035443,0.0,0.793188,0.356378,8.409782,-0.179416
2015-08-21,0.022957,0.036027,0.0,0.790428,0.370042,8.455402,-0.17642
2015-09-22,0.024247,0.038561,0.0,0.780101,0.385141,8.581865,-0.174388
2015-10-21,0.027537,0.042919,0.0,0.769699,0.37785,8.284808,-0.163426
2015-11-19,0.032436,0.047648,0.0,0.757895,0.390972,8.161832,-0.138111
2015-12-21,0.032376,0.051749,0.0,0.741392,0.412072,9.628987,-0.139037
2016-01-22,0.023561,0.049272,0.0,0.750902,0.400359,10.015671,-0.157654
2016-02-23,0.020218,0.044782,0.0,0.76684,0.380921,11.229555,-0.161581
2016-03-23,0.022717,0.042782,0.0,0.769851,0.381519,10.676835,-0.163593
2016-04-22,0.025197,0.043496,0.0,0.768235,0.380469,10.737141,-0.163606
2016-05-23,0.025311,0.043133,0.0,0.769022,0.377717,10.833591,-0.165715
2016-06-22,0.02867,0.045139,0.0,0.754452,0.399954,10.99744,-0.151649
2016-07-22,0.028277,0.049988,0.0,0.747066,0.410428,8.060262,-0.174229
2016-08-22,0.026172,0.04672,0.0,0.755041,0.399617,8.194767,-0.18251
2016-09-21,0.022324,0.047101,0.0,0.75399,0.404427,7.962071,-0.204828
2016-10-20,0.022454,0.046667,0.0,0.752451,0.405731,8.140442,-0.210713
2016-11-18,0.024057,0.048101,0.0,0.743928,0.42524,7.799434,-0.191034
2016-12-20,0.027196,0.046716,0.0,0.753695,0.394931,7.555427,-0.192533
2017-01-23,0.018291,0.042809,0.0,0.764169,0.386326,7.773238,-0.208698
2017-02-22,0.02697,0.040599,0.0,0.768103,0.374855,8.03006,-0.197988
2017-03-23,0.022611,0.040204,0.0,0.772635,0.369056,7.388914,-0.174249
2017-04-24,0.021379,0.03895,0.0,0.768587,0.378235,7.612236,-0.15035
2017-05-23,0.020377,0.037028,0.0,0.770498,0.388797,6.793553,-0.147436
2017-06-22,0.025237,0.037501,0.0,0.767984,0.384571,6.475595,-0.122774
2017-07-24,0.019886,0.0374,0.0,0.765698,0.39234,6.593121,-0.139355
2017-08-22,0.022203,0.036745,0.0,0.762562,0.408461,6.279697,-0.135826
2017-09-21,0.021276,0.034101,0.0,0.760864,0.428905,5.9048,-0.141527
2017-10-20,0.023228,0.029798,0.0,0.768771,0.429448,5.467063,-0.134858
2017-11-20,0.022193,0.028634,0.0,0.773778,0.418895,5.456488,-0.126235
2017-12-20,0.025782,0.029366,0.0,0.769445,0.419205,5.546039,-0.117174
2018-01-23,0.036631,0.030753,0.0,0.762824,0.415032,5.814193,-0.102596
2018-02-22,0.032514,0.033802,0.003347,0.753693,0.435093,5.39507,-0.098995
2018-03-23,0.031608,0.031338,0.000335,0.768263,0.41633,5.355422,-0.094472
2018-04-24,0.032349,0.030863,0.0,0.768822,0.416699,5.536238,-0.092167
2018-05-23,0.032793,0.03026,0.0,0.773271,0.40743,5.566097,-0.083578
2018-06-22,0.029283,0.030917,0.0,0.766727,0.429424,5.542938,-0.081919
2018-07-24,0.033985,0.02962,0.0,0.768526,0.422827,5.884066,-0.081744
2018-08-22,0.030285,0.030922,0.0,0.769438,0.416965,5.84632,-0.086679
2018-09-21,0.034736,0.030165,0.0,0.772365,0.401309,5.969149,-0.07919
2018-10-22,0.027887,0.032409,0.0,0.766291,0.424083,5.301689,-0.080652
2018-11-20,0.022558,0.030928,0.0,0.782733,0.391281,5.270265,-0.084073
2018-12-21,0.025101,0.026285,0.007358,0.804498,0.333309,5.233378,-0.078259
2019-01-24,0.028325,0.025535,0.004334,0.811556,0.323583,5.138667,-0.074777
2019-02-25,0.029564,0.023861,0.003397,0.82309,0.299647,5.10901,-0.079547
2019-03-26,0.031684,0.025392,0.004932,0.818802,0.308837,4.908648,-0.074029
2019-04-25,0.033877,0.024853,0.006045,0.818276,0.306938,4.777953,-0.063951
2019-05-24,0.032865,0.025083,0.007776,0.819543,0.303761,4.704474,-0.071031
2019-06-25,0.037864,0.025507,0.006269,0.814084,0.315322,4.750603,-0.063829
2019-07-25,0.040788,0.02418,0.0089,0.821387,0.291302,4.77477,-0.069696
2019-08-23,0.040222,0.023091,0.012119,0.825286,0.279754,4.938793,-0.075456
2019-09-24,0.042038,0.026148,0.021368,0.802617,0.301312,4.889337,-0.070183
2019-10-23,0.034088,0.027633,0.004243,0.806418,0.319059,4.966613,-0.101394
2019-11-21,0.039661,0.025894,0.004167,0.810877,0.303027,4.948007,-0.100601
2019-12-23,0.046047,0.026865,0.001993,0.810397,0.296069,4.911492,-0.095746
2020-01-24,0.049682,0.028619,0.003173,0.801939,0.303716,4.871287,-0.095393
2020-02-25,0.043183,0.032965,0.0,0.789452,0.332161,4.74326,-0.119426
2020-03-25,0.038364,0.032296,0.005672,0.776609,0.374769,4.902646,-0.122718
2020-04-24,0.040103,0.02902,0.011979,0.788,0.350407,4.899894,-0.118678
2020-05-26,0.038763,0.027274,0.014528,0.794942,0.340563,4.858723,-0.122967
2020-06-24,0.045388,0.021753,0.036677,0.813482,0.276703,4.753111,-0.112065
2020-07-24,0.044013,0.021935,0.036618,0.816545,0.266909,4.84802,-0.13
2020-08-24,0.048264,0.022064,0.033684,0.816104,0.267352,5.037483,-0.13844
2020-09-23,0.053206,0.022896,0.060278,0.807041,0.242903,4.908807,-0.124263
2020-10-22,0.057326,0.021748,0.058617,0.810459,0.24019,5.086823,-0.132046
2020-11-20,0.053713,0.021478,0.06317,0.811636,0.23242,5.202236,-0.157579
2020-12-22,0.056333,0.02135,0.057435,0.810967,0.244028,5.314039,-0.146216
2021-01-25,0.057368,0.022481,0.056452,0.81135,0.245441,5.232171,-0.151191
2021-02-24,0.046305,0.023958,0.062018,0.804735,0.256432,5.099914,-0.172851
2021-03-25,0.049559,0.024924,0.058348,0.803725,0.268958,5.168465,-0.18472
2021-04-26,0.056677,0.025456,0.060635,0.806611,0.251825,5.320996,-0.19189
2021-05-25,0.054813,0.025844,0.056827,0.806545,0.255776,5.808688,-0.197879
2021-06-24,0.057631,0.027435,0.055179,0.797107,0.279425,5.743217,-0.199372
2021-07-26,0.059095,0.031874,0.047461,0.794756,0.283662,6.02972,-0.212385
2021-08-24,0.060441,0.031757,0.045742,0.792905,0.290286,6.237168,-0.216709
2021-09-23,0.055278,0.03532,0.04179,0.791994,0.289669,6.5421,-0.225071
2021-10-22,0.055455,0.040132,0.033954,0.792097,0.291741,6.582551,-0.241679
2021-11-22,0.056168,0.041309,0.034676,0.788147,0.296061,6.621032,-0.256325
2021-12-22,0.047915,0.04204,0.028037,0.794539,0.305718,6.484514,-0.273849
2022-01-24,0.042644,0.039549,0.025028,0.801909,0.295345,6.694868,-0.27591
2022-02-23,0.041967,0.036895,0.022628,0.810119,0.293251,6.658908,-0.272417
2022-03-24,0.045255,0.034107,0.024594,0.814754,0.286412,7.078889,-0.287076
2022-04-25,0.046913,0.033799,0.028161,0.813874,0.283012,7.286909,-0.28199
2022-05-24,0.041119,0.031404,0.02378,0.826862,0.271067,7.173033,-0.296044
2022-06-24,0.048235,0.032446,0.029069,0.823111,0.261078,7.7623,-0.301887
2022-07-26,0.044217,0.032418,0.0214,0.828738,0.269468,7.275447,-0.287238
2022-08-24,0.048015,0.034916,0.03939,0.814741,0.271422,6.965387,-0.249469
2022-09-23,0.05219,0.033439,0.035433,0.828776,0.239756,7.297671,-0.25645
2022-10-24,0.057124,0.032396,0.040589,0.823703,0.24513,7.780747,-0.246664
2022-11-22,0.058308,0.034017,0.034561,0.818166,0.270235,7.322059,-0.229344
2022-12-22,0.061848,0.031288,0.036078,0.828091,0.253215,7.021544,-0.224233
2023-01-25,0.056034,0.032395,0.036131,0.823689,0.264318,7.289683,-0.227452
2023-02-24,0.054794,0.031738,0.04328,0.824932,0.248414,7.673685,-0.241951
2023-03-27,0.049053,0.030633,0.040783,0.830969,0.243011,8.051246,-0.246375
2023-04-26,0.048251,0.031476,0.037401,0.830817,0.24674,8.020142,-0.238926
2023-05-25,0.054872,0.033275,0.036565,0.825489,0.258193,8.230173,-0.226051
2023-06-27,0.051331,0.035441,0.039696,0.820561,0.26341,8.240162,-0.215734
2023-07-27,0.065273,0.031839,0.039013,0.828679,0.241463,8.563905,-0.211838
2023-08-25,0.056574,0.029938,0.025029,0.845056,0.238044,8.626911,-0.199866
2023-09-26,0.057445,0.027981,0.021204,0.857117,0.216717,8.903488,-0.199898
2023-10-25,0.047429,0.027249,0.016079,0.871016,0.196922,9.137607,-0.204433
2023-11-24,0.051167,0.0347,0.015022,0.856139,0.221855,8.86887,-0.198611
2023-12-26,0.049582,0.042273,0.018022,0.842381,0.236587,8.507076,-0.188755
2024-01-26,0.056883,0.033532,0.00789,0.867741,0.202075,8.730987,-0.162141
2024-02-27,0.062936,0.029619,0.0,0.891143,0.160755,9.341732,-0.164107
2024-03-27,0.063682,0.013768,0.0,0.928338,0.112027,10.417871,-0.162002
2024-04-26,0.056644,0.015854,0.0,0.924591,0.11817,10.280569,-0.164077
2024-05-28,0.05704,0.029762,0.0,0.883994,0.174438,10.718166,-0.168911
2024-06-27,0.059556,0.02076,0.0,0.901829,0.156056,11.939662,-0.159036
2024-07-29,0.054832,0.02021,0.0,0.904645,0.153147,12.107836,-0.166999
2024-08-27,0.049841,0.023408,0.0,0.888428,0.179091,17.332963,-0.169075
2024-09-26,0.05137,0.022482,0.0,0.889635,0.179093,16.504495,-0.168433
2024-10-25,0.056193,0.019249,0.0,0.899831,0.160969,18.481113,-0.151137
2024-11-25,0.049179,0.020932,0.0,0.894834,0.172293,14.210674,-0.154081
2024-12-26,0.049505,0.019857,0.0,0.896678,0.171752,11.939397,-0.168819
2025-01-29,0.048341,0.020682,0.0,0.893036,0.17793,12.676189,-0.163191
2025-02-28,0.047391,0.018246,0.0,0.904204,0.155802,14.191682,-0.160737
2025-03-31,0.038346,0.019138,0.0,0.900819,0.164161,14.6328,-0.169474
2025-04-30,0.036018,0.022375,0.0,0.886773,0.194012,10.875389,-0.169284
2025-05-30,0.038312,0.023445,0.0,0.886217,0.19334,10.095998,-0.155569
2025-07-01,0.042545,0.025298,0.0,0.880424,0.199368,10.485104,-0.158515
2025-07-31,0.048471,0.022421,0.0,0.88375,0.196994,10.002505,-0.158247
2025-08-29,0.046732,0.025125,0.0,0.881042,0.197918,9.888638,-0.144567
2025-09-30,0.061417,0.02141,0.0,0.88686,0.188762,10.08723,-0.145967
2025-10-29,0.050801,0.023028,0.0,0.887404,0.188953,8.837575,-0.155025
2025-11-28,0.051172,0.021586,0.0,0.893353,0.174913,9.97067,-0.14761
2025-12-30,0.050043,0.021693,0.0,0.892357,0.174342,9.231796,-0.148673
2026-01-30,0.051259,0.0219,0.0,0.891733,0.173472,8.527059,-0.155853
2026-03-03,0.050288,0.023044,0.0,0.889214,0.175576,8.236867,-0.153925
2026-04-01,0.045628,0.023698,0.0,0.8885,0.177794,8.058659,-0.14126
2026-05-01,0.056777,0.022778,0.0,0.891891,0.166723,8.016982,-0.134798
2026-06-02,0.063806,0.023413,0.0,0.89061,0.166266,7.824943,-0.133398
2026-07-02,0.062287,0.027134,0.0,0.882228,0.179219,7.458056,-0.133007
2026-08-03,0.053252,0.029053,0.0,0.875928,0.185654,7.734592,-0.162715
2026-09-01,0.054474,0.030195,0.0,0.87017,0.191447,7.931128,-0.16204
2026-10-01,0.052206,0.035059,0.0,0.858205,0.203072,8.194924,-0.151616
