run_time,market,stage,status,count,error
2026-10-09T07:40:48Z,SPX,prices,success,9259,
2026-10-09T07:40:48Z,SPX,h1_h2_h3,success,9259,
2026-10-09T07:40:48Z,SPX,forecasts,success,8259,
2026-10-09T07:40:48Z,SPX,h4_h5_var,success,10,
2026-10-09T07:40:48Z,KOSPI,prices,success,7326,
2026-10-09T07:40:48Z,KOSPI,h1_h2_h3,success,7326,
2026-10-09T07:40:48Z,KOSPI,forecasts,success,6326,
2026-10-09T07:40:48Z,KOSPI,h4_h5_var,success,10,
2026-10-09T07:40:48Z,ALL,write_outputs,success,2,
2026-10-09T07:45:14Z,SPX,prices,success,9259,
2026-10-09T07:45:14Z,SPX,h1_h2_h3,success,9259,
2026-10-09T07:45:14Z,SPX,forecasts,success,8259,
2026-10-09T07:45:14Z,SPX,h4_h5_var,success,12,
2026-10-09T07:45:14Z,KOSPI,prices,success,7327,
2026-10-09T07:45:14Z,KOSPI,h1_h2_h3,success,7327,
2026-10-09T07:45:14Z,KOSPI,forecasts,success,6327,
2026-10-09T07:45:14Z,KOSPI,h4_h5_var,success,12,
2026-10-09T07:45:14Z,ALL,write_outputs,success,2,
2026-10-09T07:52:30Z,SPX,prices,success,9259,
2026-10-09T07:52:30Z,SPX,h1_h2_h3,success,9259,
2026-10-09T07:52:30Z,SPX,forecasts,success,8259,
2026-10-09T07:52:30Z,SPX,h4_h5_var,success,12,
2026-10-09T07:52:30Z,KOSPI,prices,success,7327,
2026-10-09T07:52:30Z,KOSPI,h1_h2_h3,success,7327,
2026-10-09T07:52:30Z,KOSPI,forecasts,success,6327,
2026-10-09T07:52:30Z,KOSPI,h4_h5_var,success,12,
2026-10-09T07:52:30Z,ALL,write_outputs,success,2,
2026-10-09T07:56:31Z,SPX,prices,success,9259,
2026-10-09T07:56:31Z,SPX,h1_h2_h3,success,9259,
2026-10-09T07:56:31Z,SPX,forecasts,success,8259,
2026-10-09T07:56:31Z,SPX,h4_h5_var,success,12,
2026-10-09T07:56:31Z,KOSPI,prices,success,7327,
2026-10-09T07:56:31Z,KOSPI,h1_h2_h3,success,7327,
2026-10-09T07:56:31Z,KOSPI,forecasts,success,6327,
2026-10-09T07:56:31Z,KOSPI,h4_h5_var,success,12,
2026-10-09T07:56:31Z,ALL,write_outputs,success,2,
