market,model,var_level,alpha,n,violations,expected,rate,kupiec_lr,kupiec_p,christoffersen_lr,christoffersen_p,cc_lr,cc_p,max_cluster
SPX,Normal,99%,0.01,8259,202,82.59,0.02445816684828672,124.26159268890956,7.38383981923936e-29,31.377430307289217,2.124360576878544e-08,155.63902299619878,1.5974069586042593e-34,6
SPX,Normal,95%,0.05,8259,447,412.95000000000005,0.054122775154377044,2.88145764186811,0.08960487571452527,29.63664093570185,5.211052695169362e-08,32.51809857756996,8.685295776830835e-08,7
SPX,Student-t,99%,0.01,8259,126,82.59,0.015256084271703597,19.853991669168863,8.35880073799511e-06,21.59105532986098,3.3742177502485703e-06,41.44504699902984,1.0007426130321141e-09,6
SPX,Student-t,95%,0.05,8259,537,412.95000000000005,0.0650199782055939,35.98098252807631,1.9925276892989956e-09,29.086402588639316,6.922111564141184e-08,65.06738511671563,7.426716500969566e-15,7
SPX,Hist. sim.,99%,0.01,8259,139,82.59,0.01683012471243492,32.292797659413054,1.3260394188623536e-08,21.327663006100806,3.871049405866574e-06,53.62046066551386,2.2722960206971935e-12,5
SPX,Hist. sim.,95%,0.05,8259,452,412.95000000000005,0.05472817532388909,3.7761923851589927,0.05198683508323826,29.998669762804923,4.323427961230602e-08,33.774862147963916,4.6332087840660486e-08,7
SPX,GARCH-N,99%,0.01,8259,190,82.59,0.023005206441457805,103.18869513404184,3.0469983381628775e-24,2.556790069498959,0.10982136205272428,105.7454852035408,1.0905853136243167e-23,4
SPX,GARCH-N,95%,0.05,8259,491,412.95000000000005,0.05945029664608306,14.68049447575595,0.00012735746754374434,0.0014546108766921861,0.969576568386172,14.681949086632642,0.0006484183012097955,4
SPX,GARCH-t,99%,0.01,8259,135,82.59,0.01634580457682528,28.190929211500816,1.0991849200510146e-07,6.927193984189358,0.008489478078651466,35.118123195690174,2.3669900954877692e-08,4
SPX,GARCH-t,95%,0.05,8259,528,412.95000000000005,0.06393025790047221,31.12820461488991,2.4153619277627092e-08,0.051498944893921816,0.8204752270477014,31.17970355978383,1.695951382646435e-07,4
SPX,GJR-skew-t,99%,0.01,8259,100,82.59,0.01210800339024095,3.4734130224109094,0.06236251351511757,0.4415876567525103,0.5063571548483569,3.9150006791634198,0.1412109595702939,2
SPX,GJR-skew-t,95%,0.05,8259,453,412.95000000000005,0.0548492553577915,3.9692214661877188,0.04633919261697177,3.086361025725978,0.07895118757885632,7.055582491913697,0.029369714754504693,4
KOSPI,Normal,99%,0.01,6327,137,63.27,0.021653232179547968,65.09537902090278,7.135921234275856e-16,34.36612212295515,4.5660231195227984e-09,99.46150114385793,2.524698056367012e-22,9
KOSPI,Normal,95%,0.05,6327,292,316.35,0.04615141457246721,2.022802680065979,0.15495291118006407,47.36969964208038,5.878436726222452e-12,49.392502322146356,1.881717383775976e-11,9
KOSPI,Student-t,99%,0.01,6327,99,63.27,0.015647226173541962,17.39049843247153,3.0434358403580516e-05,45.13192483559722,1.8419798792246558e-11,62.52242326806875,2.6511133076867253e-14,9
KOSPI,Student-t,95%,0.05,6327,368,316.35,0.05816342658447922,8.453143936718334,0.0036441294836162476,41.47116256497304,1.1962255843017834e-10,49.924306501691376,1.4423630450053016e-11,9
KOSPI,Hist. sim.,99%,0.01,6327,109,63.27,0.01722775406985933,27.452857894969725,1.6097081989864957e-07,14.938375446531353,0.00011108034172958782,42.39123334150108,6.235347174826391e-10,5
KOSPI,Hist. sim.,95%,0.05,6327,355,316.35,0.05610874031926664,4.789765355173131,0.028629326447013603,46.92310693581436,7.382712184196611e-12,51.71287229098749,5.897832853294535e-12,9
KOSPI,GARCH-N,99%,0.01,6327,137,63.27,0.021653232179547968,65.09537902090278,7.135921234275856e-16,4.198991933106377,0.040448016979790655,69.29437095400917,8.972604681516676e-16,4
KOSPI,GARCH-N,95%,0.05,6327,398,316.35,0.06290501027343133,20.578044900256373,5.724891496702675e-06,16.634878107124337,4.531009863684885e-05,37.21292300738071,8.30455644337982e-09,8
KOSPI,GARCH-t,99%,0.01,6327,102,63.27,0.016121384542437174,20.202523237690116,6.9660990065765585e-06,4.637192004905941,0.03128615356213093,24.839715242596057,4.037610015773142e-06,3
KOSPI,GARCH-t,95%,0.05,6327,425,316.35,0.06717243559348822,35.629903628671855,2.385966305845175e-09,9.571317700283657,0.0019764087229593597,45.20122132895551,1.5299579715665458e-10,8
KOSPI,GJR-skew-t,99%,0.01,6327,64,63.27,0.010115378536431168,0.008475506120134924,0.926648372992135,1.8646509429916094,0.1720889730822553,1.8731264491117443,0.39197264509173174,2
KOSPI,GJR-skew-t,95%,0.05,6327,358,316.35,0.056582898688161846,5.546871298806309,0.018513751422098695,1.693445500016594,0.19314739849085413,7.240316798822903,0.02677843446842059,4
